pipeline,n_samples,rouge1,rouge2,rougeL,ner_precision,ner_recall,ner_f1,hallucination_rate,total_entities_generated,total_hallucinations,exec_time_seconds,ms_per_example,throughput_eps
Pipeline_A_Classical,500,0.3944840099985838,0.1476940262651863,0.21246862686855109,0.7909222222222222,0.14454554976257566,0.21534849258363523,0.0,0,0,395.895,791.79,1.26
Pipeline_B_LLM,500,0.30092312383398995,0.11061438555857253,0.1841877213014536,0.591868831168831,0.10214387258318558,0.1506292486680502,0.031291269841269835,1259,41,1056.481,2112.96,0.47
