pipeline,n_samples,rouge1,rouge2,rougeL,ner_precision,ner_recall,ner_f1,hallucination_rate,total_entities_generated,total_hallucinations,exec_time_seconds,ms_per_example,throughput_eps
Pipeline_A_Classical,500,0.3944840099985838,0.1476940262651863,0.21246862686855109,0.7909222222222222,0.14454554976257566,0.21534849258363523,0.0,0,0,479.839,959.68,1.04
Pipeline_B_LLM,500,0.2810310775065159,0.09945751458292512,0.17089002195159173,0.5886023809523809,0.09256171623765093,0.13886595862684187,0.03901587301587301,1200,59,1122.025,2244.05,0.45
