pipeline,n_samples,rouge1,rouge2,rougeL,ner_precision,ner_recall,ner_f1,hallucination_rate,total_entities_generated,total_hallucinations,exec_time_seconds,ms_per_example,throughput_eps
Pipeline_A_Classical,500,0.3944840099985838,0.1476940262651863,0.21246862686855109,0.7909222222222222,0.14454554976257566,0.21534849258363523,0.0,0,0,355.858,711.72,1.41
Pipeline_B_LLM,500,0.284243790685834,0.10324221666665565,0.1761064493113464,0.588924963924964,0.099747705283751,0.14744121223048437,0.030995310245310242,1246,55,997.573,1995.15,0.5
