pipeline,n_samples,rouge1,rouge2,rougeL,ner_precision,ner_recall,ner_f1,hallucination_rate,total_entities_generated,total_hallucinations,exec_time_seconds,ms_per_example,throughput_eps
Pipeline_A_Classical,500,0.3944840099985838,0.1476940262651863,0.21246862686855109,0.7909222222222222,0.14454554976257566,0.21534849258363523,0.0,0,0,401.086,802.17,1.25
Pipeline_B_LLM,500,0.28258993884659517,0.101663740781416,0.17437032637184785,0.5723460317460317,0.09553300185201895,0.14071831884313543,0.03024126984126984,1192,52,4684.427,9368.85,0.11
