pipeline,n_samples,rouge1,rouge2,rougeL,ner_precision,ner_recall,ner_f1,hallucination_rate,total_entities_generated,total_hallucinations,exec_time_seconds,ms_per_example,throughput_eps
Pipeline_A_Classical,500,0.3944840099985838,0.1476940262651863,0.21246862686855109,0.7909222222222222,0.14454554976257566,0.21534849258363523,0.0,0,0,351.415,702.83,1.42
Pipeline_B_LLM,500,0.3018603044329575,0.11071424703158317,0.18622139223195108,0.592589466089466,0.10188379882679803,0.15039146555122443,0.03105952380952381,1267,50,1031.481,2062.96,0.48
